customer_id,first_name,last_name,email,signup_date,country
1,Danielle,Garcia,roberthill@fry.biz,2024-11-06,Australia
2,Angel,Jennings,comptonshelly@hotmail.com,2023-08-31,USA
3,Joshua,Stephens,heather62@yahoo.com,2023-08-13,USA
4,Jeffrey,Levine,karenwells@gmail.com,2024-06-09,Australia
5,Jill,Howard,lindamelendez@hotmail.com,2025-03-25,India
6,Erica,Sanders,igrant@yahoo.com,2022-10-29,UK
7,Patricia,Lopez,james17@davis-hardy.com,2023-06-19,UK
8,Christopher,Martinez,nicholas99@russo.org,2024-09-28,UK
9,Robert,Charles,vclark@krueger-smith.com,2024-05-02,Australia
10,Anthony,Gibson,srocha@padilla.com,2024-12-26,USA
11,Jeffery,Bates,powens@yahoo.com,2023-03-22,Australia
12,William,May,michael77@gmail.com,2024-05-28,Australia
13,Anthony,Harper,robin55@yahoo.com,2023-07-17,Germany
14,James,Smith,joycesmith@donovan.com,2025-04-18,USA
15,Debra,Buchanan,jerry93@pierce-harding.com,2023-11-27,Germany
16,Amy,Sanchez,plevy@hotmail.com,2022-07-21,Canada
17,Jeffrey,Martinez,yjackson@yahoo.com,2023-09-20,USA
18,Bridget,Cunningham,jenniferfreeman@mooney.com,2022-12-14,USA
19,Lisa,Jones,gutierrezmegan@jones.com,2023-03-14,USA
20,Adam,Hubbard,nbrooks@estrada.info,2023-04-05,UK
21,Linda,Clark,patelrobert@moreno.net,2025-04-13,UK
22,Helen,Robinson,shawheidi@yahoo.com,2022-07-11,Germany
23,Matthew,Kane,hullalice@lee.com,2023-01-24,Germany
24,Eric,Murphy,laura15@yahoo.com,2024-05-17,USA
25,Susan,Hernandez,veronicaperez@hotmail.com,2023-12-20,Germany
26,Matthew,Lester,davisnicholas@alvarez.com,2023-07-29,UK
27,Christopher,Smith,vnewman@hotmail.com,2025-02-08,Australia
28,Colin,Garrison,hallrachel@clay.com,2022-12-24,Australia
29,Melanie,Thomas,whitemelissa@gmail.com,2022-05-24,Australia
30,Cassandra,Anderson,karenmarquez@hickman-evans.org,2024-08-19,Germany
31,Lindsay,King,irhodes@reyes-singh.com,2023-12-21,Canada
32,Jessica,Thompson,davisjesse@gmail.com,2023-09-27,UK
33,Amanda,Guerrero,unovak@gmail.com,2024-02-06,Canada
34,Teresa,Johnson,whenry@hotmail.com,2025-03-09,Germany
35,Nicholas,Smith,llopez@hotmail.com,2024-04-25,India
36,Andrea,Tyler,bartonkenneth@gmail.com,2023-10-14,USA
37,Maria,Young,adamsnorman@moore.com,2023-12-19,UK
38,Christine,Morris,sean41@miller.info,2023-12-19,Australia
39,Michelle,Thompson,johnsonmichael@gmail.com,2022-08-10,Canada
40,Barbara,Williams,asmith@yahoo.com,2024-07-18,India
41,Janet,Harmon,ashleyjackson@jackson-adams.com,2023-07-04,India
42,Brandon,Fox,bryanhamilton@yahoo.com,2023-07-03,UK
43,Jeremy,Reese,xpatton@yahoo.com,2025-04-06,UK
44,Keith,Alvarez,mwheeler@rodriguez-torres.biz,2023-02-18,India
45,Christopher,Strickland,vbrock@yahoo.com,2025-04-14,USA
46,Jesse,Palmer,pochoa@hotmail.com,2024-08-19,USA
47,Craig,Rodriguez,malik37@thompson-sanders.com,2023-12-23,Canada
48,Joshua,Gordon,yfaulkner@gmail.com,2022-09-19,USA
49,Cynthia,Dougherty,yramirez@yahoo.com,2022-11-10,India
50,Michael,Williams,frederickjames@hotmail.com,2023-09-05,India
51,Mitchell,Logan,bentonsteven@clark.com,2024-10-08,Germany
52,Jason,Camacho,ttaylor@gmail.com,2022-07-14,India
53,Joseph,Boyd,jennifermccormick@gmail.com,2023-08-06,USA
54,Sharon,Ellis,iaguilar@hotmail.com,2024-03-31,Australia
55,Deborah,Maynard,gibbsmichael@hotmail.com,2025-01-31,Canada
56,Chelsea,Brown,mackdiane@jackson-salazar.org,2022-12-31,Germany
57,George,Mendoza,tammy61@gmail.com,2024-10-03,USA
58,Jessica,Morales,jeffrey88@watts.info,2022-11-20,Canada
59,Frank,Parks,whitney71@perry-nixon.com,2024-03-07,USA
60,Noah,Henry,larry73@webb.info,2025-04-06,Germany
61,Veronica,Browning,evanslisa@gmail.com,2024-05-09,India
62,Danielle,Jones,deborah23@thompson.info,2023-07-17,Australia
63,Angela,Miller,lsoto@sandoval.com,2022-12-01,Germany
64,Gabrielle,Franklin,tprice@gmail.com,2023-03-12,India
65,Megan,Jones,karen19@lloyd.com,2023-03-25,Germany
66,Kimberly,Hill,james14@hotmail.com,2023-02-18,UK
67,Jeremy,Schultz,candice96@hotmail.com,2025-01-26,Australia
68,Antonio,Kelley,michael79@cervantes.com,2022-05-05,USA
69,Leslie,Nguyen,lawrenceallen@white.com,2023-11-04,USA
70,Joseph,Vang,kcarlson@yahoo.com,2024-10-01,Australia
71,Jason,Schmidt,tommymedina@hotmail.com,2022-09-26,UK
72,Sherri,Chavez,tracytaylor@wilkinson-harvey.com,2025-03-09,India
73,Nancy,Jacobs,ytaylor@wagner.biz,2022-12-06,USA
74,Leonard,Garcia,kjackson@gmail.com,2023-11-26,UK
75,Diana,Miles,antonio38@jackson-ellis.info,2024-02-13,USA
76,Randall,Farrell,adamsamy@weaver-sherman.info,2025-03-11,Canada
77,Robin,Curtis,pgarcia@evans.info,2023-01-07,India
78,Stephen,Mack,michelle17@gmail.com,2022-07-17,Canada
79,Joseph,Le,lisamatthews@callahan-bishop.biz,2022-09-17,Australia
80,John,Lewis,kristenli@hudson.com,2023-10-25,India
81,Anna,Hayes,tiffany44@adams.com,2024-04-26,UK
82,Jose,Perez,rsellers@martinez.com,2023-01-25,India
83,Brenda,Morgan,kburns@adams.com,2022-07-11,India
84,Rachael,Chavez,heather57@yahoo.com,2022-10-20,UK
85,Reginald,Perry,meltonmelanie@gmail.com,2024-06-29,Australia
86,Jeffrey,Davis,melissa86@gmail.com,2025-01-24,India
87,Whitney,Simmons,troymorris@yahoo.com,2023-09-28,Australia
88,William,Ortega,ashleewashington@yahoo.com,2024-10-28,Australia
89,Christopher,Brooks,garciakristen@smith-noble.com,2024-02-23,Australia
90,Brandon,Hernandez,bsmith@gmail.com,2022-12-07,USA
91,Daniel,Leblanc,erik41@ward.com,2024-12-19,Germany
92,Courtney,Jones,ugarrett@fischer.com,2024-01-08,Australia
93,Laura,Decker,thomasanderson@stone.com,2023-05-06,UK
94,Robert,Davis,lisa62@jones-reyes.com,2022-06-12,Germany
95,Bryan,Davis,michael42@ayala-mullins.com,2022-10-22,Australia
96,Patrick,Rodgers,morenoalan@martin.com,2023-04-30,UK
97,Wendy,Cain,fheath@gmail.com,2023-12-28,UK
98,Allison,Hawkins,lawrencepatrick@edwards-taylor.com,2024-05-19,Canada
99,Tasha,Willis,angelagreene@mitchell.com,2023-08-04,Canada
100,Michelle,Hoffman,juliephillips@bowers.info,2025-03-24,India
101,Alexander,Rivera,allendanielle@gmail.com,2024-11-02,Australia
102,Jennifer,Martinez,sarah26@fisher.info,2023-01-13,Australia
103,Erin,Gomez,matthewsalexander@williams.biz,2025-01-29,Germany
104,Amanda,Ortega,zhenderson@gmail.com,2023-11-25,UK
105,Joseph,Christensen,christopher18@mccann.net,2025-03-30,Australia
106,Danielle,Parrish,wwillis@hotmail.com,2025-02-25,India
107,Daniel,Griffith,holly30@miller.com,2025-02-06,USA
108,Ryan,Schmitt,parkerjudith@hotmail.com,2022-09-07,UK
109,Shawn,Burke,smithderrick@martin.net,2024-04-10,USA
110,Stephanie,Bell,nathanbrady@yahoo.com,2025-01-25,India
111,Nancy,Lane,rogersruben@brown.com,2023-12-05,Canada
112,Jose,Lewis,ddixon@yahoo.com,2023-06-22,India
113,Vincent,Douglas,eric19@sharp.com,2024-12-28,USA
114,Guy,Walker,brandoncox@white.net,2025-01-29,UK
115,Rita,Rodriguez,marcbutler@hotmail.com,2024-03-12,Germany
116,Monica,Bruce,margaret95@gmail.com,2023-11-12,Australia
117,Kenneth,Richardson,jeffreyblack@finley.info,2022-05-09,India
118,Danielle,Farmer,mark87@gmail.com,2022-10-24,UK
119,Chelsea,Andrews,kellymueller@hotmail.com,2022-10-19,Australia
120,Eric,Aguirre,frichardson@oconnor.com,2022-08-27,Canada
121,Kathryn,Bruce,randolphandrew@reed.com,2022-10-27,Canada
122,Amber,Villegas,usweeney@garcia-moreno.com,2024-05-19,Australia
123,Kimberly,Cardenas,jwoodward@hotmail.com,2025-01-11,Canada
124,Alyssa,Austin,williamsjesse@hotmail.com,2025-02-22,UK
125,Aaron,Day,stephen19@gmail.com,2024-06-20,India
126,Mario,Johnson,kjones@graham.com,2023-04-05,UK
127,Andrew,Hickman,melissa65@yahoo.com,2022-05-26,UK
128,Sarah,Gallegos,jesus32@hotmail.com,2024-10-18,Australia
129,Natasha,Adams,danielcole@russell-herrera.com,2024-09-27,Germany
130,Marie,White,steven11@gmail.com,2024-09-26,Germany
131,Kyle,Park,lewismelissa@gmail.com,2024-05-04,India
132,Brian,Parker,tanyafoster@byrd.com,2023-06-20,Australia
133,Natalie,Morgan,jbond@pierce.com,2025-04-02,Germany
134,Stacey,Smith,brownkimberly@anderson.com,2022-09-14,Canada
135,Christopher,Kane,samantha10@gonzalez.info,2024-10-28,Germany
136,Todd,Knight,steinmaria@martinez-dunlap.com,2023-01-27,Canada
137,Chad,Morales,zunderwood@johnson-vega.com,2023-12-08,India
138,Kathleen,Thomas,rebekahhill@yahoo.com,2024-05-12,UK
139,Katie,Schultz,mendezchristina@phillips.com,2025-01-16,UK
140,David,Johnson,patrick63@wilkerson.net,2025-04-16,Germany
141,Thomas,Reese,wcasey@stephens-washington.org,2024-02-23,Canada
142,Andrea,Lewis,bnelson@yahoo.com,2023-07-28,USA
143,Joseph,Barnes,huangkimberly@stokes.net,2024-09-24,USA
144,Monique,Peterson,terrigarcia@hotmail.com,2022-11-01,USA
145,Rodney,Wood,amanda03@bradford.com,2022-09-22,UK
146,Jason,Griffith,brittanydrake@howard.com,2023-09-08,Australia
147,Amber,Frank,marycochran@weaver-thompson.com,2022-07-28,UK
148,Jessica,Bradley,halljeffery@woods.com,2024-08-02,Australia
149,James,Miller,samantharichard@yahoo.com,2023-02-02,Canada
150,Larry,Williams,hernandezjanet@schroeder.com,2024-01-10,Germany
151,Wanda,Moore,janet69@rogers.com,2025-04-13,USA
152,Debra,Williamson,fconner@stewart.org,2022-05-21,Canada
153,Samuel,Craig,elizabetholsen@yahoo.com,2023-12-23,Canada
154,Zachary,Nelson,david09@yahoo.com,2024-08-31,Germany
155,David,Stanley,carriemccall@walker.com,2024-08-01,Canada
156,Jeffrey,Tucker,youngtoni@gmail.com,2024-07-22,Germany
157,Matthew,Ramos,sean43@steele.com,2024-05-18,India
158,Brianna,Nelson,williamssamuel@costa-wilkerson.info,2022-07-29,Germany
159,Jerry,Fischer,amy17@hotmail.com,2024-07-05,USA
160,Jeffrey,Wilson,shannonlloyd@phillips.com,2024-10-15,Australia
161,Chad,Jordan,petersonpamela@dennis.com,2024-08-05,Australia
162,Crystal,Campbell,bbush@hotmail.com,2025-01-27,USA
163,Jeremy,Gregory,gmoore@harris-lee.net,2022-10-30,Australia
164,Rebecca,Tucker,kenneth10@yahoo.com,2023-03-09,Germany
165,Michele,Estrada,briansmith@gmail.com,2025-02-07,India
166,Chad,Williams,bgonzalez@gmail.com,2022-10-20,Australia
167,John,Foster,tiffany71@glover-ruiz.com,2023-01-26,India
168,Elizabeth,Greene,ylopez@lopez-williams.info,2024-11-06,USA
169,Jason,Smith,jeremy49@gmail.com,2025-04-04,India
170,David,Turner,millermaurice@gutierrez.com,2023-01-25,Canada
171,Selena,Clark,rsheppard@yahoo.com,2022-04-29,UK
172,Ashley,Taylor,zevans@johnson.org,2024-08-29,Canada
173,Thomas,Scott,averyshane@stanton.com,2024-03-15,USA
174,Kristen,Murphy,rmiller@harris-carson.com,2023-08-22,Australia
175,Lindsey,Smith,renee11@yahoo.com,2022-10-29,Australia
176,James,Burgess,melissa87@gmail.com,2022-06-20,India
177,Collin,Thompson,perryeddie@hotmail.com,2022-11-07,Germany
178,Ryan,James,hartcraig@dillon-beard.biz,2024-09-30,UK
179,Rodney,Padilla,kpena@hotmail.com,2023-03-07,Germany
180,Stuart,Mason,jacksonrichard@hotmail.com,2025-01-28,USA
181,Jessica,Whitaker,fosternatasha@hotmail.com,2022-12-27,Australia
182,Emily,Drake,reesesamantha@smith-roth.com,2022-09-04,India
183,Tracey,Jones,megan13@gmail.com,2024-09-10,Australia
184,Corey,Hensley,uschroeder@yahoo.com,2023-05-24,Germany
185,Richard,Williams,lopezjason@yahoo.com,2022-06-14,Germany
186,Matthew,Smith,lori82@gmail.com,2022-08-30,UK
187,Michelle,Morse,htaylor@hotmail.com,2022-10-31,UK
188,John,Atkins,jameswhitaker@wright.com,2024-06-15,India
189,James,Johnston,joshuacolon@hotmail.com,2023-07-28,UK
190,Shane,Berry,maldonadojohn@yahoo.com,2023-11-06,Germany
191,Robert,Mckinney,susanwells@hotmail.com,2024-08-13,Germany
192,Joshua,Butler,frank41@yahoo.com,2023-01-12,USA
193,John,Wilson,kwilliams@vincent.com,2024-02-07,Germany
194,Sandra,Smith,denise80@smith.org,2025-02-06,India
195,Scott,Nguyen,johnnytrujillo@marquez-fletcher.com,2022-04-21,Canada
196,Michelle,Solis,dyork@yahoo.com,2023-05-11,USA
197,Andrea,Montgomery,hturner@sanders.com,2023-07-31,USA
198,Brent,Collier,gabrielle71@yahoo.com,2022-07-01,India
199,Yvette,Gillespie,michelle44@gmail.com,2024-07-05,India
200,Mary,Davis,racheltrujillo@powell.com,2023-07-20,UK
201,Tanya,Richard,jordan66@yahoo.com,2025-02-07,USA
202,Sara,Sanchez,matthewreeves@nichols.com,2024-07-28,UK
203,Melinda,Chapman,marywalter@gmail.com,2024-03-12,Germany
204,Gabriel,Warren,ruizjoyce@hotmail.com,2022-11-24,USA
205,Todd,Foster,destiny35@garner.biz,2024-10-03,USA
206,Jason,Collins,jorge47@gmail.com,2024-05-21,Australia
207,Richard,Morgan,delacruzbrandy@hotmail.com,2025-04-04,Canada
208,Brian,Cook,gpreston@dillon.net,2023-08-20,USA
209,Nicholas,Jackson,jbrown@gmail.com,2024-07-10,Germany
210,Tricia,Dixon,robert97@stewart.com,2023-10-19,UK
211,Joseph,Wilson,lcook@walters-smith.com,2024-11-17,UK
212,Kristen,Hicks,barbaramoore@anderson.biz,2024-08-04,Australia
213,Spencer,Bullock,ysanford@gmail.com,2024-06-22,Canada
214,Rodney,Bailey,jessicadodson@sherman-schmidt.com,2023-03-12,Germany
215,Susan,Luna,jeremywiley@anderson-reyes.org,2025-03-24,UK
216,Wendy,Fuentes,cameronwilliams@yahoo.com,2022-09-21,India
217,Angela,Briggs,ryan25@yahoo.com,2025-02-13,Germany
218,Jennifer,Young,frederickmeadows@yahoo.com,2022-06-29,Germany
219,Eric,Thomas,jeffreymercer@gross.net,2023-04-24,Canada
220,Kenneth,Gonzalez,richardsondebra@brooks.com,2022-06-17,UK
221,Tanya,Morrison,stanleydesiree@williams.biz,2023-02-07,Germany
222,Beth,Wolf,qmartinez@yahoo.com,2022-11-27,Australia
223,Amy,Rios,heathermccoy@fisher-garcia.net,2023-07-30,Australia
224,Julie,Thompson,robertroach@hotmail.com,2023-03-21,UK
225,Brian,Mejia,daniel17@lynch.net,2022-11-15,Australia
226,Breanna,Snyder,jade42@kelley.info,2024-11-11,India
227,Wesley,Webster,aaronpowers@gmail.com,2024-08-25,Canada
228,Melissa,Wolf,stacychan@gmail.com,2023-03-22,Australia
229,Eric,Cole,dawn74@marshall-garcia.com,2024-10-26,Australia
230,Susan,Glass,michael56@wilson.com,2023-10-30,India
231,Christopher,Cunningham,markkline@adams.com,2023-06-25,Canada
232,Jacob,Reid,moralessuzanne@houston-vaughn.info,2022-11-06,Germany
233,Brooke,Weber,danielhorton@gmail.com,2024-12-12,Canada
234,Emma,Lin,perrybrittany@gregory.com,2024-02-05,USA
235,Joe,Burton,timothyfreeman@alexander-brown.com,2022-08-14,UK
236,David,Hernandez,tiffanysantiago@stone-watts.org,2024-08-22,UK
237,Pamela,Jones,pstanley@reed-rhodes.biz,2023-05-22,USA
238,John,Ramos,smithsarah@allison.com,2023-05-30,India
239,Brooke,Turner,john40@hotmail.com,2023-12-05,USA
240,Christine,Hill,ppowell@stevens.info,2025-01-24,Germany
241,Robert,Brown,hwest@mcgee-smith.biz,2022-12-30,Germany
242,Brandy,Romero,hawkinsaaron@gmail.com,2024-01-02,UK
243,Alexandra,Collins,diamondbryant@yahoo.com,2024-03-29,Germany
244,Sarah,Hayes,velasquezmegan@yahoo.com,2022-08-28,UK
245,James,Brown,jennifer11@hotmail.com,2023-05-20,USA
246,Jennifer,Decker,petersonmaria@kelley-brooks.com,2025-03-06,USA
247,John,Jones,travisunderwood@griffith.com,2024-02-10,Australia
248,Randy,Lin,ylewis@love.biz,2025-04-03,Australia
249,Emily,Wyatt,bartonshannon@lawrence.com,2022-11-29,USA
250,Kevin,Gilbert,eroberson@norman.com,2024-07-31,UK
251,Leslie,Hunter,hughescaroline@gordon-cruz.org,2023-03-03,USA
252,Karen,Ford,raymond54@ballard-taylor.org,2022-08-08,USA
253,Charles,Spencer,jennifer83@gmail.com,2024-12-24,India
254,Stephen,Conner,glenda22@daniels.com,2023-06-13,USA
255,Yolanda,Huang,icraig@yahoo.com,2024-12-29,Germany
256,Wendy,Cole,millsanthony@gmail.com,2025-04-07,UK
257,Charles,Pacheco,gonzalezkaren@terrell.com,2025-01-17,India
258,Jason,Pearson,vaughnkenneth@johnson.net,2023-02-14,Australia
259,Joseph,Morris,yyoung@roberts.biz,2023-11-20,Canada
260,Sarah,Alvarez,tammy00@hotmail.com,2024-09-12,UK
261,Nicole,Hernandez,christinenorman@yahoo.com,2025-02-05,Germany
262,Natasha,Brown,kari89@parsons.com,2025-01-21,UK
263,Mike,Garcia,tonyajones@gmail.com,2024-06-23,Australia
264,Eric,Nolan,rwilliams@baker.com,2024-11-15,Germany
265,Martha,Cooper,jmckinney@gmail.com,2022-12-31,Germany
266,Jade,Klein,candice94@tyler-pierce.com,2024-02-01,Canada
267,Cheryl,Wagner,susanmeyer@hotmail.com,2022-12-15,UK
268,Vanessa,Thompson,zdaniels@bailey.com,2023-08-25,Canada
269,Destiny,Wright,kelly98@yahoo.com,2024-02-23,Canada
270,Alan,Kim,caldwellsean@austin.com,2023-11-30,UK
271,Lisa,Gonzales,cruzamber@yahoo.com,2022-05-31,USA
272,Kevin,Mills,willie87@williams-villanueva.com,2024-11-13,USA
273,Elizabeth,Moore,vaughangary@hotmail.com,2023-05-10,Australia
274,Sheila,Watson,clarkcrystal@hancock.com,2022-08-19,Canada
275,Dennis,Campbell,elucas@parks.com,2023-06-14,India
276,Darrell,Ortiz,brownlaura@jones.biz,2022-10-31,Canada
277,Daniel,Morgan,bmccoy@yahoo.com,2024-07-24,Canada
278,Angela,Harper,inunez@may.com,2022-10-08,Canada
279,Joseph,Mccormick,howardwesley@buchanan-turner.com,2025-03-18,Australia
280,Cassandra,Holland,qjames@gmail.com,2024-08-19,USA
281,Jennifer,Jones,amandataylor@yahoo.com,2024-01-12,Australia
282,James,Davis,kennetheaton@hotmail.com,2022-08-01,Australia
283,Cynthia,Gregory,spencerangela@gmail.com,2023-09-14,Australia
284,Joseph,Mitchell,armstrongphillip@arroyo.com,2025-01-09,USA
285,Tracy,Cummings,gwhitehead@martin.org,2022-09-06,USA
286,Rebecca,Douglas,dannylambert@hotmail.com,2023-11-05,Canada
287,Meghan,Escobar,enewman@powers-king.com,2023-09-21,Australia
288,Christopher,Marks,michael31@yahoo.com,2023-06-19,India
289,Rodney,Cook,louishayes@hopkins.org,2022-12-04,USA
290,Joshua,Aguilar,susan20@yahoo.com,2023-04-06,UK
291,Adam,Thomas,jenniferdavidson@larsen-taylor.com,2023-06-20,UK
292,Kellie,Bailey,xgriffin@yahoo.com,2022-05-06,UK
293,Dana,Ponce,thompsoncatherine@yahoo.com,2022-09-20,Germany
294,Jose,Hale,josemercado@luna.net,2023-11-27,Canada
295,Joyce,Myers,nhammond@arnold.net,2023-04-01,UK
296,Andrea,Larson,michaelwalker@hotmail.com,2023-11-30,Canada
297,Ronald,Hurley,stevendixon@yahoo.com,2022-10-01,UK
298,Alec,Collins,batesmelanie@hotmail.com,2022-10-29,India
299,Charles,Bennett,seanwhite@hopkins.info,2023-01-18,Canada
300,Nicole,Conner,robinsontony@gmail.com,2024-07-16,UK
301,Rebecca,Li,jim38@yahoo.com,2023-08-10,USA
302,Amy,Santiago,chardin@gmail.com,2024-10-21,Canada
303,Mary,Calderon,padillaadrienne@yahoo.com,2024-05-20,Germany
304,Brandi,Rodgers,nicholasgray@hotmail.com,2022-09-16,USA
305,Earl,Jennings,nicholas38@gomez-parrish.info,2024-07-20,USA
306,David,Fox,shawdon@gmail.com,2023-10-14,Australia
307,Kyle,Lucas,robertsonjuan@lopez.org,2025-04-13,Germany
308,Rachel,Henderson,robertrivera@olson.info,2024-09-25,USA
309,Laura,Cox,deborahjenkins@williams.org,2023-07-03,USA
310,Michelle,Cox,crystalwilliams@thomas.net,2024-08-24,UK
311,Rachel,White,johnsjessica@yahoo.com,2023-06-16,UK
312,Jason,Lewis,shanehaney@jackson-greer.org,2024-11-19,Canada
313,John,Meza,cindydixon@ramsey.info,2022-09-21,Canada
314,Curtis,Tucker,nicholasanderson@harris.biz,2022-07-04,Canada
315,Kimberly,Perez,thompsonrachel@williams.com,2023-01-11,UK
316,Nicole,Taylor,mhopkins@carey.biz,2023-08-27,Canada
317,Richard,Jones,nancy86@gmail.com,2023-12-17,USA
318,Christine,Richard,zbell@hotmail.com,2023-01-26,UK
319,Eric,Garcia,eanderson@kent.com,2023-10-09,Canada
320,Sarah,Wise,jacob09@hotmail.com,2025-03-08,USA
321,Michelle,Conley,brooksjamie@ortiz-rodriguez.biz,2024-07-24,Canada
322,Theresa,Stephenson,melissa69@yahoo.com,2024-08-24,India
323,Lisa,Johnson,afischer@hotmail.com,2024-10-30,Canada
324,Nicole,Rogers,mitchellpeters@yahoo.com,2024-01-06,India
325,Angel,Miranda,kim62@hotmail.com,2024-04-30,Canada
326,Jill,Anderson,seanlyons@garcia.biz,2024-10-27,Australia
327,Martin,Bennett,martintamara@gmail.com,2022-11-05,Australia
328,Sarah,Martin,thomasburke@brown.com,2023-05-28,Germany
329,Leah,Guerra,ramseysarah@mendez-meyer.org,2022-05-05,Australia
330,Michelle,Wise,daniellegonzales@jefferson.com,2025-03-22,Australia
331,Lisa,Lamb,bowerswilliam@hall.com,2024-06-26,Canada
332,Joseph,Martin,christopherhill@gomez-foster.org,2022-12-18,UK
333,Kristin,Kim,mclaughlincasey@dunn.net,2025-02-05,UK
334,Daniel,Jenkins,sylvia43@hotmail.com,2022-11-03,India
335,Monica,Rhodes,kspears@green.net,2022-11-28,UK
336,Michele,Young,gordonmatthew@pratt.net,2023-11-30,USA
337,Jeffrey,Wallace,kchurch@yahoo.com,2024-09-18,Germany
338,Lisa,Mitchell,susan77@atkins.biz,2023-06-10,Australia
339,Steven,Goodman,laurengutierrez@black-smith.com,2022-07-12,Germany
340,Kevin,Cole,christopher51@velazquez.org,2025-01-07,USA
341,Laura,Ferguson,staceyvega@gmail.com,2023-11-17,Australia
342,Jeremy,Collins,jimmyallen@yahoo.com,2023-05-12,India
343,Andrew,Stokes,jameswright@kelly.com,2025-03-09,USA
344,James,Harrison,duranamber@gmail.com,2024-11-21,USA
345,Mark,Conley,christine79@yahoo.com,2024-01-30,Germany
346,Michelle,Richardson,traceymoon@yahoo.com,2024-04-01,Canada
347,Tammy,Valentine,karenanderson@hotmail.com,2023-01-30,Germany
348,Joshua,Joyce,cayers@hotmail.com,2024-03-02,Germany
349,Darlene,Murray,xdalton@gmail.com,2023-10-22,UK
350,Ricardo,Campbell,wolfesteve@hotmail.com,2024-04-18,USA
351,Tina,Reyes,craignicolas@nguyen.com,2024-06-09,Germany
352,Amanda,Rose,joel79@diaz-jimenez.com,2023-07-10,USA
353,Sheila,Burch,michael64@yahoo.com,2023-06-23,UK
354,Darrell,Montoya,tiffanyparks@le.net,2024-02-14,USA
355,Tara,Solis,zgonzalez@hotmail.com,2024-07-07,Germany
356,Gregory,Taylor,lshaffer@porter-cowan.net,2023-04-11,USA
357,Sydney,Wright,jevans@hotmail.com,2023-08-08,Australia
358,Joseph,Davidson,kgarcia@lewis.info,2025-01-02,UK
359,Daniel,Sawyer,qgarner@ward-grant.com,2022-09-03,Canada
360,Ryan,Spencer,jenkinsmichael@hotmail.com,2023-08-08,USA
361,Jessica,Garcia,tiffanymitchell@nunez-freeman.info,2024-01-12,Germany
362,Lee,Singleton,daustin@frye.com,2023-08-19,UK
363,Catherine,Rosales,esweeney@gmail.com,2022-09-08,Germany
364,William,Mitchell,jeremy54@adams.info,2024-12-31,Germany
365,Paul,Hines,lgutierrez@gmail.com,2022-08-22,USA
366,Barbara,Nelson,ebonyshepard@brady.com,2022-08-18,Germany
367,Jonathan,Whitehead,bkelley@warren-ferrell.com,2023-04-28,USA
368,Jeanne,Hernandez,christopherhuynh@yahoo.com,2022-09-13,Canada
369,Aaron,Kim,johnmitchell@hotmail.com,2023-01-02,Australia
370,Sara,Potts,alisonjackson@alvarado.info,2024-09-30,Germany
371,Amanda,Walker,amy28@gmail.com,2022-07-19,Germany
372,Jennifer,Hayes,omills@hotmail.com,2022-08-30,Germany
373,Judy,Bailey,timothy31@yahoo.com,2023-07-09,India
374,Emily,Johnson,robert24@gmail.com,2024-08-28,India
375,Michael,Brown,mauriceharrison@watts.info,2024-05-25,UK
376,Chad,Shaw,cannonlauren@hotmail.com,2022-05-07,Australia
377,Elizabeth,Young,kelleyjacob@kim.biz,2024-02-08,Australia
378,Mark,Vang,josehenderson@gmail.com,2025-03-07,India
379,Lee,Brooks,deborah84@yahoo.com,2024-06-19,UK
380,Melanie,Johnson,whitekeith@gibson.info,2022-11-18,India
381,Jennifer,Galvan,andrew08@lopez.com,2024-05-05,Canada
382,Kevin,Combs,jenniferacosta@gmail.com,2024-06-02,UK
383,Kyle,Santos,alexisrobinson@collins-lloyd.com,2024-06-29,Australia
384,Ricky,Moody,riveramegan@gmail.com,2025-03-20,Australia
385,Richard,Taylor,kimberly18@white-huang.com,2025-03-07,India
386,Kenneth,Mitchell,martinezkayla@gmail.com,2024-07-26,Canada
387,David,Gallegos,cwright@gmail.com,2025-04-09,India
388,Robert,Horton,boydtina@yahoo.com,2022-10-31,USA
389,Shelby,Taylor,sharon20@hotmail.com,2024-01-10,USA
390,Erica,Thornton,timothy43@clay-boyer.com,2022-05-12,Canada
391,Raven,West,cynthianguyen@bauer.com,2024-12-03,Germany
392,Christina,Smith,albertwilliams@hotmail.com,2023-02-10,Germany
393,Kevin,Miller,nathandavis@gmail.com,2022-05-02,USA
394,Amy,Scott,parksmatthew@hotmail.com,2024-02-10,USA
395,Aaron,Conley,kellyeric@moody.net,2025-04-16,Germany
396,Justin,Dunn,bquinn@hotmail.com,2024-07-29,UK
397,Russell,Acosta,jennifer40@yahoo.com,2023-10-09,Germany
398,Bethany,Rose,amy73@hotmail.com,2023-05-05,India
399,Diana,Rodriguez,mario74@rocha.com,2025-02-11,UK
400,Steven,Roberts,lori85@yahoo.com,2024-07-19,India
401,Scott,Turner,bgross@vincent.com,2025-03-18,USA
402,Jason,Williams,alexandriajimenez@hotmail.com,2024-11-22,UK
403,Thomas,Barnes,marcus51@mills.com,2022-06-25,India
404,Rachel,Bauer,morganharris@lee-johnson.biz,2024-11-19,India
405,Laura,Bryant,brandon39@hotmail.com,2024-03-17,UK
406,Gene,Rodriguez,conradjason@hebert-collier.info,2023-01-07,Canada
407,Christopher,Stein,angela65@brown.com,2025-03-03,Germany
408,Zachary,Carlson,blackburnsusan@gmail.com,2024-07-12,Australia
409,Cynthia,Smith,amandalopez@sandoval.net,2023-04-05,India
410,Matthew,Robertson,mirandabarbara@hotmail.com,2023-01-17,Germany
411,Loretta,Allen,kandrade@gmail.com,2022-08-15,Australia
412,Karen,Thomas,diane89@yahoo.com,2023-11-12,Germany
413,Emily,Patterson,andrea55@yahoo.com,2022-11-14,USA
414,Jeffrey,Mendez,charlene98@gmail.com,2024-06-26,Australia
415,James,Allen,michael77@yahoo.com,2023-10-21,Germany
416,Andrew,Butler,birdcaitlin@taylor.com,2022-07-09,India
417,John,Beck,andrew48@hawkins.com,2024-02-06,Australia
418,Thomas,Miller,eric45@hotmail.com,2024-05-29,USA
419,Melissa,Villegas,jonathanevans@ross.com,2023-11-30,UK
420,Charles,Jones,tracynolan@hotmail.com,2023-01-10,India
421,Robert,Fox,benjamin96@deleon.com,2023-11-21,USA
422,Crystal,Romero,hconrad@gmail.com,2022-10-13,USA
423,James,Mcneil,hbrown@flores.com,2023-09-28,Australia
424,Heather,Spencer,ericnunez@yahoo.com,2025-03-10,Germany
425,Troy,Myers,walkerkeith@yahoo.com,2023-05-13,UK
426,John,Harrison,matthewalvarez@williams.net,2024-08-05,India
427,Diana,Reid,kathleencastillo@gmail.com,2022-10-21,India
428,Adam,Zavala,mpearson@hotmail.com,2023-07-15,Germany
429,Karen,King,charlesfrank@cohen-johnston.com,2023-07-29,UK
430,Kayla,Smith,mdiaz@yahoo.com,2024-05-10,Australia
431,Daniel,Kramer,carrillogary@yahoo.com,2023-07-21,India
432,Ronald,Cooper,scottglass@gmail.com,2023-06-06,UK
433,Gregory,Quinn,eric11@brown.com,2023-03-17,Australia
434,Susan,Fuller,heather14@ruiz-rivera.net,2022-04-24,Australia
435,April,Ingram,amychristensen@webb.com,2024-12-26,India
436,Brent,Moss,scottbrian@gmail.com,2024-09-20,Germany
437,John,Cook,marshallsierra@gmail.com,2023-12-23,Canada
438,Melinda,Williams,elizabeth51@gmail.com,2023-03-24,India
439,Stephen,Payne,yhall@hotmail.com,2023-08-07,USA
440,Laurie,Li,todd98@lopez.info,2025-01-13,USA
441,Elizabeth,Thompson,wrightalyssa@burns-garner.com,2024-06-29,Australia
442,Vanessa,Maxwell,michael43@hotmail.com,2022-06-15,Canada
443,Caitlin,Marshall,garrettnatasha@gmail.com,2024-04-09,India
444,Stephanie,Dominguez,edwardprince@hotmail.com,2024-12-05,USA
445,Patricia,Welch,blairabigail@salazar.com,2024-05-18,USA
446,Cheyenne,Cain,mwaller@cole-anderson.com,2022-07-19,India
447,Jennifer,Brown,kylethornton@browning.com,2023-10-25,UK
448,William,Parsons,carlos81@stewart.com,2022-04-30,Australia
449,Maria,Ellis,tali@yahoo.com,2024-12-02,India
450,Amy,Carter,kimberlyrodriguez@gmail.com,2024-04-05,UK
451,Phyllis,Williams,catherine93@hall.info,2023-09-13,Australia
452,Julia,Gonzalez,xjoseph@christian.info,2023-07-28,Canada
453,Thomas,Williams,jamesjohnson@schaefer.com,2023-10-22,Germany
454,Jonathon,Mahoney,carlho@camacho-burns.com,2022-10-04,Australia
455,John,Robertson,ronaldparsons@hotmail.com,2022-04-29,Canada
456,Dana,Hays,phillip99@hotmail.com,2023-10-16,Germany
457,Katie,Daniels,hayesmargaret@rich.net,2023-02-04,USA
458,Adrienne,King,grantzachary@hotmail.com,2024-01-05,USA
459,Courtney,Mullins,kellysanders@ayala-mitchell.com,2023-10-23,USA
460,Joshua,Lee,christie08@gmail.com,2022-05-04,Australia
461,Chris,Kelly,gdavis@gmail.com,2022-09-25,UK
462,Justin,Norman,phillipmorris@white.com,2024-02-19,Germany
463,Joseph,Glenn,wrightheather@hotmail.com,2024-05-24,USA
464,Luis,Rivera,davisjasmin@cox.net,2023-02-21,India
465,Amber,Martinez,cpierce@barr.com,2022-08-30,Germany
466,Devon,Richardson,haroldjoseph@parker-cross.info,2024-07-20,Germany
467,Jesse,Preston,davidanderson@gmail.com,2024-06-27,UK
468,Heather,Paul,alexander77@aguirre.com,2022-12-15,Canada
469,Jasmine,Kline,fortiz@hotmail.com,2024-01-19,UK
470,Caleb,Hughes,nicoleramirez@grant.com,2022-10-30,USA
471,Rick,Beltran,benjamin09@evans.biz,2024-05-17,India
472,Amy,Crawford,emilycarr@graves.info,2022-05-01,India
473,Robert,Jimenez,daviskevin@yahoo.com,2022-12-18,USA
474,Jamie,Glass,changmegan@gmail.com,2025-02-04,India
475,Robert,Stone,staylor@yahoo.com,2023-05-14,UK
476,Rebecca,Owen,swarren@gmail.com,2023-04-07,Australia
477,Brandy,Acosta,duncantiffany@benitez.com,2024-04-21,UK
478,Heather,Miller,jordan99@yahoo.com,2023-12-26,Australia
479,Melissa,Morrison,ostone@vasquez-white.org,2023-11-23,USA
480,Kathy,Short,tiffany01@marshall.com,2023-07-29,India
481,Omar,Gardner,wwilliams@hotmail.com,2023-11-08,Germany
482,Adam,Morris,davidsonhannah@tyler-parker.net,2024-02-15,Canada
483,Michael,Miller,wilsonmathew@yahoo.com,2023-01-29,Germany
484,Karen,Guerrero,jamesbass@mendoza.com,2024-08-01,Australia
485,Melissa,Parker,courtneymcclain@hotmail.com,2023-06-13,UK
486,Stephanie,Morrison,abowers@hotmail.com,2022-10-06,UK
487,Robert,Simmons,annette58@smith.com,2024-03-02,UK
488,Julie,Norris,juanjohnson@sims-kirby.org,2025-02-03,UK
489,Amy,Bell,brookehancock@yahoo.com,2024-03-03,Canada
490,Carrie,Williams,nelsonchristopher@gmail.com,2022-12-28,USA
491,Jeffrey,Berg,tgallegos@gmail.com,2022-11-24,UK
492,Jeffrey,Gomez,danielglover@gmail.com,2023-10-22,Australia
493,Ryan,Bolton,zhunter@stein-moore.com,2024-02-24,India
494,Anthony,Hill,kimberly21@hotmail.com,2022-04-30,Canada
495,Matthew,Whitney,jennystevens@hancock.com,2023-10-31,Australia
496,Erin,Gould,steven01@miranda.com,2023-02-23,Australia
497,Richard,Jones,james44@flores.com,2022-10-09,UK
498,Frederick,Walsh,danny98@garcia.com,2023-02-09,India
499,Tanner,Cox,audrey21@austin-morgan.info,2023-07-07,UK
500,David,Owen,anthonyberger@rodriguez.com,2022-06-22,Australia
501,Cindy,Shelton,mwhite@hotmail.com,2022-11-14,USA
502,Anthony,Cisneros,larry38@gmail.com,2023-12-24,Canada
503,Phillip,Thomas,christopherlang@hotmail.com,2024-02-04,USA
504,Anne,Lawson,bryantgabrielle@hotmail.com,2023-09-17,Canada
505,Anthony,Harrington,ohall@gmail.com,2022-06-09,UK
506,Dawn,Johnson,philip55@yahoo.com,2022-12-26,UK
507,Derek,Jones,jonesdaniel@yahoo.com,2025-02-18,Canada
508,Steven,Osborne,justinbailey@hotmail.com,2023-02-24,India
509,Brent,Diaz,sullivanjennifer@nguyen.com,2024-05-04,India
510,Nicholas,Reyes,amorales@gmail.com,2025-02-17,UK
511,Jason,Bradley,terrireyes@clark-benson.biz,2023-06-07,UK
512,Mark,Jacobs,amy32@hotmail.com,2022-10-22,USA
513,Kathleen,Shelton,mwilson@nguyen-davis.info,2024-02-04,Australia
514,Nicholas,Rush,stephanie19@jennings.biz,2024-05-19,UK
515,Karen,Watson,dnewman@gmail.com,2024-08-22,Canada
516,Marie,Hines,paigeberger@pacheco.info,2024-05-29,India
517,Johnny,Berry,cgilbert@gmail.com,2025-03-15,India
518,Christopher,Moreno,kevin46@haas.com,2022-11-04,USA
519,Andrew,Sanders,melissabrown@hotmail.com,2023-09-07,India
520,Amber,Banks,warnerlori@rodriguez-campbell.com,2024-01-02,India
521,Zoe,Wright,zpark@flores.net,2024-06-08,Australia
522,Michael,Wilson,thomaslopez@bridges-ward.biz,2023-12-16,Germany
523,Debra,Fitzgerald,whitney22@jones.com,2022-11-11,Canada
524,Kimberly,Porter,iproctor@gmail.com,2022-10-08,Australia
525,Denise,Hughes,ydalton@munoz.net,2022-10-05,Germany
526,Karen,Hoffman,ocruz@gmail.com,2022-05-23,India
527,Stefanie,Green,lanemelanie@gmail.com,2022-11-02,USA
528,James,Green,khouse@yahoo.com,2022-12-18,USA
529,Andrew,Griffin,carrolljanet@carpenter.com,2023-10-07,India
530,Elijah,Davies,steven18@davis.com,2024-06-05,UK
531,David,Mitchell,bergeramanda@gmail.com,2022-05-12,Germany
532,Elizabeth,Hendricks,ehunt@hotmail.com,2025-03-19,India
533,Anne,Henry,zgomez@yahoo.com,2023-04-23,USA
534,Jeffery,Martinez,austinlivingston@hotmail.com,2022-07-10,USA
535,Holly,Farrell,bryan79@gmail.com,2025-03-09,Germany
536,Katie,Hayes,lisa90@washington-martinez.com,2023-10-04,Canada
537,Gary,Roach,david44@yahoo.com,2024-02-17,India
538,Catherine,Wallace,munozrenee@hernandez.com,2024-11-03,Australia
539,Julie,Miller,hwhite@cooper.com,2022-05-03,India
540,Danny,Fleming,amullins@young-alexander.com,2024-02-24,Canada
541,Lori,Bruce,brian41@jackson.info,2024-05-05,Germany
542,Tami,Flores,wreese@hotmail.com,2023-07-14,Germany
543,Daniel,Reed,yvega@baker-moreno.biz,2023-07-03,USA
544,Anthony,Brown,sara76@stewart.com,2024-05-14,Canada
545,Larry,Daniels,pbishop@yahoo.com,2022-08-27,Germany
546,Erica,Vance,joseph14@hotmail.com,2024-02-16,UK
547,Susan,York,vmejia@gmail.com,2023-05-10,India
548,Randy,Joseph,erica25@smith.biz,2024-12-05,USA
549,Jennifer,Ho,jenningsmichael@campbell.com,2022-12-13,Australia
550,Charles,Little,stephanielittle@rosario.biz,2024-06-23,Canada
551,Hannah,Leon,dominguezjon@guerrero-jones.info,2023-02-05,USA
552,Courtney,Hicks,qschwartz@yahoo.com,2023-05-13,Germany
553,Curtis,Martinez,kimberlyramirez@gmail.com,2023-07-01,Germany
554,Kendra,Harris,dcook@yahoo.com,2022-10-16,Australia
555,Melissa,Taylor,scottvasquez@gmail.com,2023-06-04,Australia
556,Caroline,Tyler,debbierodriguez@hotmail.com,2025-04-13,Australia
557,David,Johnson,christinarodriguez@yahoo.com,2023-05-10,Australia
558,Tonya,Spencer,johnsonchad@hotmail.com,2025-02-19,Australia
559,Kimberly,Wood,fsmith@gmail.com,2024-02-16,UK
560,Michael,Lara,ortegajoseph@rivera.info,2023-02-23,India
561,Ross,Arnold,upowell@gmail.com,2024-04-26,Canada
562,Mitchell,Salazar,cruzhannah@martinez-nichols.com,2022-09-28,USA
563,William,Miller,richard15@hotmail.com,2025-04-14,Australia
564,Matthew,Parker,randallkathleen@yahoo.com,2024-06-09,India
565,Melissa,Key,angelaponce@lee.com,2024-11-25,Germany
566,Lynn,Higgins,mccluresamuel@gmail.com,2023-01-27,India
567,Daniel,Fox,leejennifer@allen.com,2023-02-08,Australia
568,Susan,Hammond,blevy@gmail.com,2024-10-25,USA
569,Cynthia,Morrow,morganjennifer@yahoo.com,2024-12-22,Australia
570,Maria,Jones,lindsaycontreras@bentley-berg.net,2024-12-31,India
571,Jasmine,Compton,sandyjohnson@burns.info,2022-12-08,Germany
572,Ryan,Day,jacquelineanderson@chen.com,2023-04-12,India
573,Jessica,Cole,marybrown@gmail.com,2022-10-25,Australia
574,Tammy,Frazier,nlarson@brown.biz,2022-11-12,Canada
575,Joseph,Cooper,rnguyen@hotmail.com,2024-01-04,India
576,Lindsey,Humphrey,mary30@thompson.biz,2022-06-19,Canada
577,Amanda,Deleon,angela73@williams.org,2023-06-20,Australia
578,Timothy,Bowman,alexistucker@gmail.com,2023-02-13,India
579,Ryan,White,saramann@eaton.info,2022-12-04,Germany
580,Jessica,Burch,douglasnelson@jenkins-hurley.org,2024-02-12,UK
581,Joseph,Reynolds,jennifersalazar@burton.com,2022-05-18,UK
582,Melissa,Bartlett,grantjames@hotmail.com,2024-12-03,Canada
583,Mariah,Brown,michelle88@marshall.com,2023-02-25,Australia
584,Christopher,Martinez,leelaura@hotmail.com,2022-09-09,Canada
585,Nicole,Hernandez,qthompson@gmail.com,2022-07-09,Australia
586,John,Martin,justin64@jensen-wu.info,2023-12-02,Australia
587,Steven,Morris,yangsara@moore.info,2024-01-13,UK
588,Cheryl,Fletcher,jacobsonjennifer@riley.com,2024-07-14,Germany
589,Nicholas,Reed,nguyencorey@gutierrez.com,2023-08-10,Germany
590,Anthony,Everett,bbrown@gmail.com,2025-04-12,India
591,Melissa,Jacobson,xthompson@ellis.com,2024-12-29,Canada
592,Hunter,Singleton,matthewjohnson@hotmail.com,2023-04-15,Germany
593,Jason,King,derek77@jackson-cooper.com,2023-03-31,USA
594,Lauren,Reid,belindatran@miller.info,2023-09-25,India
595,Matthew,Pierce,rhood@blair.com,2024-02-11,India
596,Nicole,Martinez,ryan39@mcintyre.biz,2024-05-04,UK
597,Jacqueline,Turner,esparzajessica@johnson.com,2022-07-25,Canada
598,Joshua,Ferguson,jallen@gmail.com,2024-06-21,Germany
599,Alejandro,Shaw,davidphillips@hotmail.com,2024-02-13,Germany
600,Stacy,Jackson,castillokevin@stevens.info,2025-01-15,Australia
601,Christopher,David,morgansullivan@yahoo.com,2022-07-10,India
602,Jennifer,Moore,daltonchad@hotmail.com,2023-08-06,Canada
603,Tracy,Hopkins,phillipskaren@hotmail.com,2022-10-08,Canada
604,Katherine,Le,olivermatthew@robertson.com,2023-06-13,Canada
605,Hannah,Jacobs,reyessteven@diaz.net,2023-11-06,Australia
606,Debbie,Kirby,devonrogers@wilson.org,2023-06-30,UK
607,Travis,Elliott,lukehurst@frazier.com,2023-10-18,Germany
608,Laura,Bryan,hmason@yahoo.com,2024-01-30,Canada
609,Christopher,Johnson,zoliver@hotmail.com,2023-05-09,Australia
610,Jeffrey,Williams,patriciaellis@myers.com,2023-08-30,UK
611,Heather,May,martindaniel@crawford.net,2022-07-03,Australia
612,Kevin,Ray,robert82@reed-wallace.com,2023-01-28,USA
613,Bonnie,Curtis,bryanwiggins@gmail.com,2022-06-23,India
614,Thomas,Wang,plane@hotmail.com,2022-04-21,Germany
615,Alyssa,Butler,swatkins@hotmail.com,2022-07-10,Australia
616,Ronald,Fowler,itorres@yahoo.com,2025-02-09,Australia
617,Julie,Jimenez,jeremy54@hernandez.info,2023-09-02,Germany
618,Mark,Burton,jennifermitchell@franco.com,2023-03-16,India
619,Jacqueline,Roberts,darylchaney@martinez.net,2023-07-08,USA
620,Joseph,Frye,tiffany25@fernandez-martin.com,2024-04-23,UK
621,John,Webb,sullivanvictor@gould.com,2023-06-30,Australia
622,David,Ballard,deborah47@montes-webster.org,2024-11-18,India
623,James,Cohen,hmorgan@mendoza.com,2022-09-24,UK
624,David,Evans,moralesmary@yahoo.com,2024-02-19,UK
625,Amanda,Jones,nguyencathy@gmail.com,2023-02-02,UK
626,Kathleen,Brown,james18@rhodes-rosario.net,2023-05-17,USA
627,Jacob,Gonzales,tracymorrison@hotmail.com,2024-05-23,USA
628,Javier,Washington,raymond65@watson-mitchell.com,2023-11-06,UK
629,Todd,Harris,fsawyer@gmail.com,2023-09-22,Canada
630,Jenny,Lawson,slara@gmail.com,2023-08-06,Germany
631,Tiffany,Edwards,ltaylor@hotmail.com,2022-10-11,USA
632,Alicia,Higgins,jaredwells@hatfield.biz,2022-09-18,Canada
633,Justin,Gross,ortizrobin@thompson-murray.org,2025-02-23,Canada
634,Craig,Valencia,jacobjames@henry.org,2022-05-12,Australia
635,James,Hester,dhansen@gmail.com,2025-03-16,Germany
636,Jeremy,Anderson,moorekevin@flowers.com,2024-08-25,UK
637,Harry,Wood,traviswatts@gmail.com,2022-11-09,Australia
638,Alexis,Hoffman,hubbardtrevor@george.org,2023-09-17,Australia
639,Amanda,Flores,ooneill@hotmail.com,2023-11-02,Canada
640,Joshua,Owens,brooksjessica@gmail.com,2023-11-03,Canada
641,Terri,Adams,bonniethomas@yahoo.com,2024-10-21,Canada
642,Angela,Wright,frank45@fields-friedman.com,2024-07-20,UK
643,Heidi,Davis,alyssa18@gmail.com,2024-11-15,UK
644,David,Roberts,georgegary@brennan-serrano.com,2023-11-19,Australia
645,Miranda,Cruz,cody95@gmail.com,2023-04-26,Australia
646,Travis,Gilbert,aprilwatson@jenkins-mccall.com,2025-01-25,USA
647,Monique,Wright,ericwalker@pope.org,2023-06-23,USA
648,Audrey,Grimes,estevens@fuentes.info,2023-03-13,Canada
649,Taylor,Moore,hannah27@hotmail.com,2024-10-14,UK
650,Scott,Murphy,jenniferjohnson@gmail.com,2023-12-08,UK
651,Jack,Lane,melissathomas@parker.com,2022-09-03,Australia
652,Brett,Edwards,yvazquez@jones.biz,2022-10-03,Germany
653,Shelley,Hines,danielmcguire@watkins.com,2022-11-09,Canada
654,Tim,Jimenez,elizabeth11@harris.com,2024-12-23,USA
655,Lynn,Robertson,thomasjulie@rush-bailey.com,2024-11-10,Germany
656,Richard,Jimenez,garciabelinda@rice.com,2022-10-24,UK
657,Charles,Parker,rachelmedina@hotmail.com,2022-06-23,USA
658,Crystal,Johnson,samanthayork@richardson-lawrence.info,2024-10-18,Canada
659,Brian,Landry,maryzavala@lewis-perez.com,2025-01-31,UK
660,Edward,Wagner,owensapril@yahoo.com,2023-02-10,Canada
661,Anna,Levy,angela01@yahoo.com,2023-02-14,Australia
662,Kevin,Lewis,cruzstephen@hotmail.com,2025-04-19,Germany
663,Victoria,Gomez,aperez@yahoo.com,2024-03-13,Germany
664,David,Williams,melissajacobson@yahoo.com,2022-09-21,Germany
665,Kathy,Simpson,alexandercraig@hotmail.com,2022-08-15,India
666,Catherine,Khan,qkim@miller.org,2024-08-17,Canada
667,Krystal,Pena,calvinhester@gonzalez-anthony.biz,2024-12-07,Germany
668,Jeremiah,Ruiz,maryhardy@hubbard-miranda.org,2023-10-05,Australia
669,Alexandra,Herrera,qkelly@hotmail.com,2023-08-02,Germany
670,Shannon,Boone,jdixon@yahoo.com,2024-04-26,Canada
671,Scott,Jordan,kingtyler@dunlap.com,2023-02-28,Germany
672,Michelle,Khan,stantonpatrick@hotmail.com,2024-07-27,Canada
673,Veronica,Luna,kevinhanson@gmail.com,2022-12-15,UK
674,Kevin,Gallagher,qharris@yahoo.com,2022-06-28,Australia
675,Christine,Diaz,amy88@gmail.com,2022-11-05,Canada
676,Chelsea,Morales,hbeard@cole-farrell.info,2023-02-12,Canada
677,Jody,Hudson,johnsonangela@yahoo.com,2024-01-30,India
678,Stacey,Lee,tjordan@price.info,2024-08-23,UK
679,Jared,Tran,khart@hotmail.com,2023-05-18,Australia
680,Jason,Jones,lbaker@jensen-gomez.com,2024-09-07,India
681,Donna,Gordon,johnsonbrandon@yahoo.com,2023-10-12,Germany
682,Eric,Duran,hubbardcolleen@yahoo.com,2023-11-10,Canada
683,Glenn,Ramirez,wreed@bell-stanley.com,2024-03-17,Australia
684,Charles,Hays,brittany14@morgan.net,2024-12-24,UK
685,Aaron,Becker,murraymichelle@hotmail.com,2022-10-20,India
686,Shannon,Wilson,andrew79@gmail.com,2024-02-27,Canada
687,Brittney,Hester,uhudson@hotmail.com,2022-08-04,USA
688,Kelly,Long,rgarcia@rogers.com,2024-05-10,Australia
689,Jesse,Norton,michael63@reid-dickson.com,2024-01-31,India
690,Jasmine,Morgan,joseph49@ballard-weber.com,2024-07-12,UK
691,Jacqueline,Mcmillan,joshua98@simmons-reed.com,2024-06-11,India
692,Shawn,Fischer,ryan85@gmail.com,2022-05-24,India
693,Grace,Gonzalez,gking@yahoo.com,2023-01-05,India
694,Sandra,Hicks,burtonzachary@ray.info,2024-11-06,Germany
695,Kristin,Porter,umichael@hotmail.com,2023-06-20,USA
696,Colleen,Williams,michaelhernandez@francis.biz,2025-04-07,UK
697,Donna,Taylor,michelle13@yahoo.com,2022-11-07,UK
698,Sarah,Cook,debbie49@gmail.com,2023-07-14,UK
699,Ronald,Wells,daniellee@gmail.com,2022-06-30,Canada
700,Amy,Bryant,bwashington@yahoo.com,2024-09-16,Australia
701,Deborah,Obrien,eriktaylor@clarke-ramirez.net,2022-07-24,UK
702,Rebekah,Robertson,stuarttodd@brown.com,2025-04-02,Australia
703,Margaret,Murphy,lesterrichard@yahoo.com,2023-02-10,UK
704,Charles,Austin,uhahn@young.net,2023-12-29,USA
705,Gabriel,Martin,tyler13@martinez.org,2024-05-28,Canada
706,Kyle,Ewing,selenarobinson@gmail.com,2025-03-19,Canada
707,Kaitlyn,Stevenson,taragonzales@roy-brown.net,2024-07-26,India
708,Ashley,Evans,stewartrodney@hotmail.com,2024-06-26,Germany
709,Keith,Rogers,natasha25@baldwin-underwood.com,2022-08-15,Canada
710,David,Clayton,vazquezkristina@king.com,2023-01-03,Canada
711,Haley,Patel,nicholsjoel@yahoo.com,2024-03-01,USA
712,Holly,Erickson,browningphillip@yahoo.com,2024-06-20,UK
713,Sherri,Evans,mayerkatherine@yahoo.com,2023-12-08,Canada
714,Vincent,Cabrera,ruthwelch@sullivan.info,2024-09-10,Canada
715,Troy,Richardson,vhouse@hotmail.com,2023-12-18,Germany
716,Christopher,Nunez,hollowayholly@hotmail.com,2024-01-03,Australia
717,Bill,Whitney,robert85@neal-gill.com,2024-11-19,USA
718,Ryan,Silva,aarongonzalez@yahoo.com,2023-06-16,Germany
719,Marcus,Robles,rodriguezjohn@hotmail.com,2023-03-08,Canada
720,John,Swanson,usparks@mendoza-moss.com,2023-01-31,Canada
721,Christopher,Watts,lauren31@richardson-long.biz,2022-04-26,USA
722,Suzanne,Johnson,vaughansandra@salazar.info,2022-12-25,India
723,Mary,Wells,jacqueline20@williamson-burke.com,2024-09-25,India
724,Barbara,Coffey,george91@higgins.info,2023-03-25,Canada
725,Stephanie,Patton,walkerjames@yahoo.com,2024-10-26,Canada
726,Yvonne,Parsons,breyes@gmail.com,2025-04-07,Germany
727,Emily,Lane,jessica36@ortiz.com,2022-05-04,Australia
728,Joseph,Griffith,joe73@yahoo.com,2024-06-25,Australia
729,Billy,Silva,smithdean@yahoo.com,2024-03-28,Germany
730,Katelyn,Jackson,jennifererickson@hotmail.com,2024-06-11,Germany
731,Thomas,Fuller,davisbrian@yahoo.com,2024-07-14,UK
732,Denise,Harvey,modonnell@coffey.com,2023-05-28,Canada
733,Sabrina,Randall,william64@lambert-anderson.net,2023-08-05,UK
734,Howard,Hernandez,jorgegordon@humphrey-anderson.com,2023-03-29,India
735,Brenda,Becker,jorgeedwards@gmail.com,2023-07-25,Canada
736,Cynthia,Johnson,julie64@yahoo.com,2023-06-12,Canada
737,Travis,Vaughan,ryan25@hotmail.com,2024-08-25,USA
738,Christopher,Rodriguez,angelalivingston@hotmail.com,2022-10-23,Canada
739,Michael,Smith,lopezbrian@gmail.com,2023-01-11,India
740,Mathew,Edwards,tgreen@graham-carney.info,2023-04-03,Australia
741,Elizabeth,Hernandez,tkelly@washington.com,2022-06-30,Australia
742,Mia,Vaughn,clayton42@brady.org,2024-07-27,Canada
743,Mark,Jenkins,foxashley@knapp-sanchez.info,2023-04-26,Australia
744,Heather,Hampton,anthony16@garza-bean.com,2023-07-18,UK
745,Keith,Knapp,millermariah@castillo.com,2022-06-20,Canada
746,Sierra,Salas,douglasstephanie@yahoo.com,2025-01-08,UK
747,Lisa,Fitzgerald,michellesolis@morris-brown.com,2022-12-07,Germany
748,Andrea,Brown,rossgregory@yahoo.com,2023-06-26,Germany
749,Shawn,Taylor,phelpsfrank@mitchell-goodwin.com,2022-11-13,USA
750,Leonard,Clark,travis64@munoz.com,2023-06-15,Canada
751,Marcus,Nguyen,ygriffin@adams-burke.com,2022-07-10,Germany
752,Tara,Bates,christina66@gmail.com,2025-01-12,Germany
753,Richard,Fox,teresa32@rose-holland.com,2023-05-12,Australia
754,Xavier,Edwards,zkim@yahoo.com,2023-03-13,USA
755,Vanessa,Thompson,traceysutton@yahoo.com,2024-07-29,USA
756,Diane,Barr,dphillips@jones.biz,2022-10-18,Australia
757,Amy,Peterson,marshalljennifer@yahoo.com,2022-04-23,Canada
758,Robert,Gomez,brenda80@gmail.com,2025-01-22,UK
759,Jacob,Ingram,kristicameron@gmail.com,2023-10-12,Canada
760,Michael,Le,tmcdowell@matthews-gibson.info,2024-12-28,UK
761,Katherine,Schneider,tammy23@gmail.com,2024-11-16,USA
762,Colleen,Steele,monica16@smith.info,2023-11-15,India
763,Kathleen,Bishop,vmelton@hotmail.com,2023-09-07,Canada
764,James,Lee,christine95@hotmail.com,2022-08-28,India
765,Andrea,Wright,christopher20@gmail.com,2025-04-20,UK
766,Sara,Grant,hortonjacob@clark.com,2024-08-21,Canada
767,Samuel,Walker,ywilkinson@lee.info,2023-06-05,India
768,Helen,Dudley,wilsonrachel@hotmail.com,2022-11-14,India
769,David,Evans,cruiz@hotmail.com,2024-01-15,Canada
770,Teresa,Roberts,kennethgallegos@williams-smith.biz,2024-11-25,India
771,Chelsea,Clark,mmclaughlin@hotmail.com,2023-07-23,Canada
772,John,Bush,freemantodd@hotmail.com,2023-09-07,India
773,Eric,Stewart,jenniferrice@yahoo.com,2022-07-18,USA
774,Andrea,Bailey,adamsdeborah@yahoo.com,2024-12-18,Canada
775,Andrea,Peck,pdean@west-graham.com,2022-05-07,USA
776,Christopher,Pope,taylorkim@hotmail.com,2023-10-25,Australia
777,Victoria,Hill,sandra72@sharp-myers.biz,2023-03-27,Germany
778,Robin,Martinez,kmarsh@hotmail.com,2023-06-29,USA
779,Steven,Rhodes,hannah17@thompson.org,2023-01-20,India
780,David,James,leonsherry@yahoo.com,2023-05-23,UK
781,Marilyn,Baird,jasonwilliams@gmail.com,2022-05-15,Australia
782,Tyrone,Cardenas,michael22@hotmail.com,2024-08-02,USA
783,Jennifer,Blevins,morgandaniel@martinez.info,2025-02-05,Australia
784,William,Ballard,kristen08@yahoo.com,2024-10-13,USA
785,Joshua,Roberts,mccarthysara@lloyd-estes.com,2022-10-03,USA
786,Mary,Roberts,colonbobby@jackson.com,2025-03-24,UK
787,Tina,Klein,jessicaerickson@hotmail.com,2023-12-05,UK
788,John,Reed,mooremichael@gmail.com,2025-01-30,USA
789,Andrea,Ramos,scottperry@sanchez.com,2023-05-25,Germany
790,Patrick,Scott,christopherwatson@yahoo.com,2024-12-18,UK
791,Sandra,Mendoza,edwardmolina@yahoo.com,2024-12-31,UK
792,William,Harris,lauriegutierrez@villanueva-crane.net,2024-11-14,UK
793,Natasha,Ryan,ramoskayla@hotmail.com,2024-08-23,Canada
794,Michelle,Fitzpatrick,morganrichard@hamilton.com,2023-03-07,Australia
795,Joshua,Horton,levinetina@liu.net,2024-03-07,USA
796,Kristy,Taylor,regina04@hotmail.com,2023-03-29,Germany
797,Robert,Gilbert,ngriffin@weber.com,2023-09-06,UK
798,Sarah,Matthews,nicolemiller@hotmail.com,2023-06-12,Canada
799,William,Sanchez,vhardy@gmail.com,2023-03-03,Australia
800,Lori,Santiago,christopherarnold@hotmail.com,2024-10-10,India
801,Justin,Schmidt,andrewzamora@hotmail.com,2024-12-24,India
802,Kenneth,Little,marilyntorres@yahoo.com,2023-12-26,UK
803,Brenda,Williams,skinnerjordan@gomez.com,2022-12-18,Germany
804,Yolanda,Gutierrez,ashley07@yahoo.com,2024-03-13,Germany
805,Tracy,Love,michaelmitchell@armstrong.com,2023-04-15,Australia
806,Edgar,Garcia,zachary35@garcia-dawson.biz,2024-02-24,Australia
807,Amanda,Townsend,brownpamela@lewis-miller.net,2023-11-14,USA
808,Michael,Smith,lwiggins@yahoo.com,2022-12-07,UK
809,Andrea,Pierce,fbarker@hotmail.com,2024-05-04,India
810,Amy,Hickman,drewmartinez@hotmail.com,2022-09-13,USA
811,Stanley,Russell,tammypalmer@hotmail.com,2024-05-30,Germany
812,Marc,Donovan,stanleyjohnson@raymond.com,2023-01-27,USA
813,Jacob,Johns,martinezashley@gmail.com,2024-04-03,India
814,Heidi,Woods,watsonvickie@carter-johnson.com,2023-02-02,Germany
815,Ashley,Gonzalez,twilliams@lewis-fuentes.info,2023-01-19,Australia
816,Jesus,Maynard,kelleycarlos@butler.com,2023-02-08,Canada
817,Kimberly,Morris,kimberly79@gmail.com,2024-09-21,Canada
818,Bradley,Brewer,qgill@hernandez-luna.com,2024-05-21,Australia
819,Julie,Velez,zhall@yahoo.com,2023-01-26,UK
820,Janet,Davis,pfitzgerald@cline.com,2025-01-20,USA
821,Lisa,Andrews,schneiderchristopher@hotmail.com,2023-07-03,Germany
822,Paul,Nichols,karenshaw@martinez.com,2022-05-23,Australia
823,Elizabeth,Sharp,kristin39@miller-ferguson.com,2023-08-15,Australia
824,Lori,Zuniga,henrysarah@yahoo.com,2022-12-30,UK
825,Tina,Gentry,robertheath@yahoo.com,2023-01-22,USA
826,Tyler,Thompson,christopher18@gmail.com,2023-12-24,Australia
827,Benjamin,Khan,iantate@gmail.com,2025-03-23,India
828,Wayne,Thompson,dgregory@hotmail.com,2024-11-20,Australia
829,Brittany,Gillespie,anthonybrown@yahoo.com,2023-02-06,Germany
830,Molly,Osborn,douglas54@david-lam.com,2022-08-06,USA
831,Morgan,Sanders,karenwillis@romero-gordon.com,2022-11-29,Germany
832,Scott,Simpson,floresangela@gmail.com,2022-08-10,USA
833,Alicia,Zuniga,russelljesus@gmail.com,2024-02-12,India
834,Stephen,Hayden,sanchezangela@gmail.com,2023-05-06,Germany
835,Jennifer,Howe,ogriffin@hotmail.com,2024-03-27,Canada
836,Robert,Mcdowell,nathanielgalloway@medina.net,2025-01-17,Australia
837,Diana,Smith,smithsteven@hotmail.com,2024-01-06,India
838,Eric,Bradley,aaronmahoney@yahoo.com,2022-09-23,USA
839,Terrance,Rodriguez,mary65@hotmail.com,2024-07-17,Germany
840,Tanya,Bird,brandon89@turner.com,2022-11-20,Australia
841,Matthew,Mitchell,natalie39@bernard.com,2022-05-09,India
842,Heather,Hays,qnelson@yahoo.com,2024-11-13,USA
843,Debra,Daniels,stevegreene@gmail.com,2022-09-22,Canada
844,Melissa,Snyder,lynchadam@chambers.net,2023-11-29,Canada
845,Melissa,Mays,ymedina@hotmail.com,2023-12-08,USA
846,Michele,Rosales,staffordlisa@chambers-gomez.biz,2022-05-23,Canada
847,Norman,Mcdonald,xthompson@hotmail.com,2022-10-08,India
848,Levi,Lee,fordsharon@smith-paul.com,2022-05-12,Australia
849,Jennifer,Rodriguez,christopheraustin@yahoo.com,2025-01-16,Canada
850,Katherine,Martin,tinacoffey@campbell.org,2022-06-27,Australia
851,Monique,Stevens,gonzalezlori@rodriguez-ramirez.net,2022-11-12,UK
852,Barry,Scott,andreakeller@hotmail.com,2023-05-11,Canada
853,Casey,Lopez,chapmanjulie@green.com,2022-08-28,UK
854,Crystal,Doyle,melaniejohnson@hotmail.com,2023-06-10,Australia
855,Samantha,Gibbs,bsmith@hotmail.com,2022-11-28,Germany
856,Wendy,Bradley,ryan64@frazier.info,2024-12-20,Australia
857,Julie,Todd,stephensonjeffrey@yahoo.com,2024-11-07,India
858,Ryan,Thompson,zstewart@gmail.com,2022-05-11,Germany
859,Corey,Chase,beardlindsey@hotmail.com,2022-05-05,Germany
860,Cynthia,Prince,prosario@martin.com,2022-10-03,Canada
861,Monique,Wilcox,castillolindsey@robles.com,2024-08-10,Canada
862,Scott,Robertson,vallen@underwood.com,2023-09-28,Canada
863,Heather,Miller,oduran@riley-miller.com,2022-08-30,Australia
864,Rebecca,Caldwell,sedwards@patton.info,2023-03-01,Germany
865,Brandon,Lopez,cheryl61@byrd.com,2022-11-23,India
866,Laura,Taylor,nmorales@yahoo.com,2024-05-06,India
867,Kelly,Morris,chavezsteven@hobbs-harvey.com,2024-09-11,UK
868,Nicholas,Wright,lholmes@rodriguez.org,2024-03-11,USA
869,Dustin,Green,rebeccamartinez@scott.info,2022-12-30,India
870,Amanda,Young,devinwilliams@collins.net,2023-08-11,Canada
871,Ashlee,Molina,brandy82@gmail.com,2023-09-18,UK
872,Laura,Finley,carrie45@gmail.com,2024-05-03,Canada
873,George,Turner,younglori@trevino.com,2022-12-17,Germany
874,Christian,Sharp,petersonelizabeth@holt.org,2023-05-04,Germany
875,Monica,Smith,robert21@yahoo.com,2022-07-16,Australia
876,Christine,Valdez,arobinson@walker.com,2024-08-12,Canada
877,John,Schwartz,lindsay63@yahoo.com,2025-03-31,India
878,Roberta,Brown,coxcharles@spencer.com,2023-06-10,USA
879,Douglas,Wilson,crystaldurham@yahoo.com,2024-12-20,Canada
880,Steven,Parker,gonzalezjustin@mcclure.com,2024-08-12,India
881,Jonathan,Sullivan,gregorysmith@yahoo.com,2022-10-29,UK
882,Jonathan,Shaw,deckerderrick@cobb.com,2022-05-23,Canada
883,Albert,Jacobson,mikewatson@gmail.com,2022-06-29,UK
884,Linda,Padilla,wilsonnicole@gmail.com,2022-09-27,India
885,Rachel,Collins,amandabenson@greene-rowland.com,2024-08-14,India
886,Erica,Wilson,melissaphillips@murphy.com,2023-07-25,India
887,Eric,Hendricks,fclark@gibbs-mendez.com,2022-09-27,India
888,Scott,Phillips,victor72@yahoo.com,2024-06-23,Germany
889,Michael,Mendez,fbaldwin@yahoo.com,2024-01-26,Australia
890,Briana,Robinson,ylittle@hotmail.com,2022-11-27,India
891,Danielle,Anderson,jeffreyharris@foster.biz,2022-04-22,Germany
892,Roger,Hernandez,selenabrooks@hotmail.com,2023-04-04,USA
893,John,Adkins,karenphillips@bell.org,2022-05-28,Germany
894,Megan,Obrien,bhayes@yahoo.com,2023-04-08,UK
895,James,Perry,ystewart@gmail.com,2024-02-13,USA
896,Paul,Dunn,phall@howard.com,2023-12-10,UK
897,Timothy,Ruiz,sara11@ward.com,2022-12-05,Australia
898,John,Medina,emilywright@hotmail.com,2023-10-21,Canada
899,Ashley,Beck,janicebolton@hotmail.com,2025-02-02,Canada
900,Bailey,Robinson,carrillojuan@yahoo.com,2023-07-10,Germany
901,Victoria,Wright,wunderwood@hotmail.com,2023-04-06,UK
902,Kenneth,Fischer,wvaldez@grimes.com,2025-03-19,Australia
903,Tiffany,Marks,lhall@todd.com,2023-12-09,Canada
904,Dominique,Miller,roymcmahon@yahoo.com,2025-03-22,Australia
905,Joshua,Griffin,jcole@brooks.com,2022-10-12,Australia
906,Ashlee,Padilla,porterdonna@yahoo.com,2024-05-24,Canada
907,Gina,Miller,robertjennings@yahoo.com,2023-01-09,Canada
908,Julie,Elliott,brenda90@gmail.com,2022-10-09,USA
909,Brandon,Brown,ashley99@camacho.biz,2023-04-04,USA
910,Catherine,Kelley,glopez@hudson-hayes.com,2022-09-26,India
911,Tyler,Wagner,damontran@serrano.info,2023-07-02,UK
912,Rebecca,Armstrong,jamespruitt@campbell-hall.net,2023-10-28,Canada
913,Justin,Hernandez,hbrown@jackson.biz,2022-08-17,Australia
914,Lauren,Murphy,andersonrobert@jones.com,2024-12-02,UK
915,Catherine,Meyer,ryan72@andrews.info,2023-09-21,India
916,Michael,Wilson,adrianthomas@gmail.com,2022-10-21,Australia
917,Dana,Harris,aliciakent@yahoo.com,2023-11-02,Germany
918,Christine,Aguilar,vjohnston@gmail.com,2022-08-30,India
919,Erica,Davis,treed@yahoo.com,2022-06-27,Canada
920,Jennifer,Dixon,robertwhite@hotmail.com,2024-11-15,Germany
921,Donna,Stokes,qcruz@gmail.com,2022-12-11,Germany
922,Mary,Chavez,chale@mcclure.com,2023-01-22,India
923,Courtney,Palmer,wolfejennifer@gmail.com,2024-02-15,Canada
924,Rebecca,Bryant,jriddle@gmail.com,2024-07-23,Australia
925,Debbie,Brown,camposwilliam@yahoo.com,2023-09-23,Germany
926,Kyle,Ford,nmartin@hotmail.com,2024-11-07,India
927,Scott,Roman,ojohnson@lowe.biz,2023-01-27,India
928,Bethany,Cummings,qjohnson@fletcher.com,2025-03-11,Australia
929,Jessica,Foster,fmurray@hotmail.com,2024-02-10,Canada
930,Christopher,Velasquez,rtaylor@jackson.org,2022-12-10,India
931,Kenneth,Reese,kellynichols@jackson-powers.com,2025-02-20,India
932,Julie,Lane,scottthompson@hotmail.com,2025-03-23,India
933,Gregory,Williams,scottwilliams@cain.com,2023-08-02,UK
934,David,Cooper,scott90@gmail.com,2024-12-16,USA
935,Amber,Brown,sarahbrooks@gmail.com,2023-07-10,Australia
936,Teresa,Mcknight,smithanthony@rogers.com,2023-10-14,UK
937,Alyssa,Michael,roblesmaria@ramsey.biz,2022-09-29,India
938,Robin,Jones,marcus39@villa.biz,2023-06-16,USA
939,Maria,Peck,jasonkelly@smith.com,2024-06-04,Australia
940,Jonathan,Johnson,olewis@barrett.org,2025-02-11,Germany
941,Makayla,Ortiz,jonesjeffery@yahoo.com,2023-11-15,Australia
942,Timothy,Mack,marquezkylie@hotmail.com,2023-06-07,UK
943,Lindsay,Cannon,susan95@horton.com,2022-08-17,UK
944,Julie,Good,cynthiahenson@yahoo.com,2022-04-24,UK
945,Matthew,Brewer,rogerscharlotte@hotmail.com,2022-12-07,Australia
946,Darius,Fisher,vdixon@gmail.com,2025-02-02,Canada
947,Sydney,Haney,andrewblake@parker.biz,2022-12-04,India
948,Donald,Reyes,brownnicholas@harris-bennett.com,2023-08-31,Australia
949,Tammy,Kane,vstevenson@ramirez.com,2022-12-06,Germany
950,Michelle,Knox,karen35@yahoo.com,2023-12-18,Germany
951,Jennifer,Bennett,amberknox@mcneil.com,2024-03-14,Germany
952,Tina,Vega,isaiah01@yahoo.com,2024-05-03,India
953,Tammy,Stanley,brettbraun@martinez.org,2022-08-03,USA
954,Linda,Ryan,williamsimmons@collins-griffith.com,2022-10-13,UK
955,Michael,Valdez,catherineturner@hotmail.com,2024-10-04,India
956,Krystal,Bailey,josephharrington@gmail.com,2024-02-14,UK
957,Alexander,White,egray@yahoo.com,2023-06-27,India
958,Amanda,Medina,ywolf@yahoo.com,2022-12-01,UK
959,Shawn,Rice,fsimmons@larson-hernandez.com,2022-09-08,India
960,Emily,Luna,dford@yahoo.com,2023-09-04,USA
961,Emily,Walker,ijones@hotmail.com,2022-11-05,Australia
962,Brenda,Smith,ericlopez@gmail.com,2023-01-28,Germany
963,Lynn,Johnson,asullivan@yahoo.com,2023-12-10,UK
964,Shelby,Evans,pburns@hotmail.com,2023-10-20,India
965,Daniel,Nunez,hdyer@frederick-martin.biz,2023-08-30,USA
966,Jesus,Stephens,william75@hotmail.com,2024-05-27,USA
967,Angel,Patel,vhouse@allen.com,2024-02-08,Germany
968,Nicole,Morrow,josegibson@hernandez.com,2024-05-07,India
969,Anna,Wright,wisedawn@sanders-willis.com,2025-04-02,Australia
970,Rose,Reed,bmartin@holt-mason.net,2024-01-24,UK
971,Jeffrey,Hill,jessica11@hotmail.com,2024-11-10,Australia
972,Bryan,Pineda,josephclark@hotmail.com,2025-01-03,Canada
973,Madison,Hardy,adam27@gmail.com,2023-09-21,USA
974,Regina,Rodriguez,ayalarobert@pena-quinn.com,2022-11-21,USA
975,Kevin,Pacheco,jacob23@white-fry.info,2025-01-30,Germany
976,Ricky,Barnes,jamesbrady@green.info,2023-05-08,India
977,Donald,Miranda,christophermiller@hill.com,2023-12-07,Canada
978,Sophia,Stephenson,wwashington@smith.com,2024-01-31,Canada
979,Kevin,Smith,clarklatoya@morrison-hatfield.com,2024-08-21,Canada
980,Travis,Harris,msherman@yahoo.com,2024-06-01,India
981,Colton,Garcia,evelyn55@gmail.com,2024-08-04,UK
982,Paige,Johnson,dgray@yahoo.com,2024-07-28,USA
983,Derek,Harper,smithmonica@yahoo.com,2024-05-25,India
984,Shawn,Warner,guzmanmisty@tapia-walton.com,2024-07-26,Canada
985,Ellen,Williams,qmontgomery@yahoo.com,2024-07-31,USA
986,Julia,Yang,aaronlittle@yahoo.com,2023-04-13,USA
987,Sonya,Morales,morgan57@lawson.org,2023-12-09,Canada
988,Robert,Young,ronnie71@cruz.net,2022-08-28,Canada
989,Julia,Robinson,tylermiller@davies.info,2024-10-09,USA
990,Eric,Shields,pbates@lewis.com,2024-02-05,Germany
991,Robert,Brown,bholder@hickman.biz,2024-07-17,Australia
992,Corey,Gordon,jenniferwade@hotmail.com,2024-10-04,Australia
993,Tracy,Roberts,sandraschultz@davis-holt.com,2025-04-02,USA
994,Ricky,Cabrera,nicholas68@stokes-walker.com,2023-03-27,UK
995,Stephanie,Dennis,rodriguezmatthew@hotmail.com,2025-04-17,UK
996,Antonio,Flores,berrydavid@finley-ray.com,2022-09-03,Germany
997,Mitchell,Harper,lawrencejames@yahoo.com,2023-04-21,India
998,Scott,Chambers,kelsey28@hotmail.com,2023-11-03,USA
999,Stephanie,Flores,fosteramanda@stewart-cabrera.com,2022-04-25,UK
1000,Melissa,Turner,jfrazier@campbell.com,2023-03-02,USA
